"","cell_id","milestone_id"
"1","RamDA_mESC_00h_A04","00h"
"2","RamDA_mESC_00h_A05","00h"
"3","RamDA_mESC_00h_A06","00h"
"4","RamDA_mESC_00h_A07","00h"
"5","RamDA_mESC_00h_A08","00h"
"6","RamDA_mESC_00h_A09","00h"
"7","RamDA_mESC_00h_B01","00h"
"8","RamDA_mESC_00h_B02","00h"
"9","RamDA_mESC_00h_B03","00h"
"10","RamDA_mESC_00h_B04","00h"
"11","RamDA_mESC_00h_B05","00h"
"12","RamDA_mESC_00h_B06","00h"
"13","RamDA_mESC_00h_B07","00h"
"14","RamDA_mESC_00h_B08","00h"
"15","RamDA_mESC_00h_B09","00h"
"16","RamDA_mESC_00h_B10","00h"
"17","RamDA_mESC_00h_B11","00h"
"18","RamDA_mESC_00h_B12","00h"
"19","RamDA_mESC_00h_C01","00h"
"20","RamDA_mESC_00h_C02","00h"
"21","RamDA_mESC_00h_C03","00h"
"22","RamDA_mESC_00h_C04","00h"
"23","RamDA_mESC_00h_C05","00h"
"24","RamDA_mESC_00h_C06","00h"
"25","RamDA_mESC_00h_C07","00h"
"26","RamDA_mESC_00h_C08","00h"
"27","RamDA_mESC_00h_C09","00h"
"28","RamDA_mESC_00h_C10","00h"
"29","RamDA_mESC_00h_C11","00h"
"30","RamDA_mESC_00h_D01","00h"
"31","RamDA_mESC_00h_D02","00h"
"32","RamDA_mESC_00h_D03","00h"
"33","RamDA_mESC_00h_D04","00h"
"34","RamDA_mESC_00h_D05","00h"
"35","RamDA_mESC_00h_D06","00h"
"36","RamDA_mESC_00h_D07","00h"
"37","RamDA_mESC_00h_D08","00h"
"38","RamDA_mESC_00h_D09","00h"
"39","RamDA_mESC_00h_D10","00h"
"40","RamDA_mESC_00h_D11","00h"
"41","RamDA_mESC_00h_D12","00h"
"42","RamDA_mESC_00h_E01","00h"
"43","RamDA_mESC_00h_E02","00h"
"44","RamDA_mESC_00h_E03","00h"
"45","RamDA_mESC_00h_E04","00h"
"46","RamDA_mESC_00h_E05","00h"
"47","RamDA_mESC_00h_E06","00h"
"48","RamDA_mESC_00h_E07","00h"
"49","RamDA_mESC_00h_E08","00h"
"50","RamDA_mESC_00h_E09","00h"
"51","RamDA_mESC_00h_E10","00h"
"52","RamDA_mESC_00h_E11","00h"
"53","RamDA_mESC_00h_E12","00h"
"54","RamDA_mESC_00h_F01","00h"
"55","RamDA_mESC_00h_F02","00h"
"56","RamDA_mESC_00h_F03","00h"
"57","RamDA_mESC_00h_F04","00h"
"58","RamDA_mESC_00h_F05","00h"
"59","RamDA_mESC_00h_F06","00h"
"60","RamDA_mESC_00h_F07","00h"
"61","RamDA_mESC_00h_F08","00h"
"62","RamDA_mESC_00h_F09","00h"
"63","RamDA_mESC_00h_F10","00h"
"64","RamDA_mESC_00h_F11","00h"
"65","RamDA_mESC_00h_F12","00h"
"66","RamDA_mESC_00h_G01","00h"
"67","RamDA_mESC_00h_G02","00h"
"68","RamDA_mESC_00h_G03","00h"
"69","RamDA_mESC_00h_G04","00h"
"70","RamDA_mESC_00h_G05","00h"
"71","RamDA_mESC_00h_G06","00h"
"72","RamDA_mESC_00h_G07","00h"
"73","RamDA_mESC_00h_G08","00h"
"74","RamDA_mESC_00h_G09","00h"
"75","RamDA_mESC_00h_G10","00h"
"76","RamDA_mESC_00h_G11","00h"
"77","RamDA_mESC_00h_G12","00h"
"78","RamDA_mESC_00h_H01","00h"
"79","RamDA_mESC_00h_H02","00h"
"80","RamDA_mESC_00h_H03","00h"
"81","RamDA_mESC_00h_H04","00h"
"82","RamDA_mESC_00h_H05","00h"
"83","RamDA_mESC_00h_H06","00h"
"84","RamDA_mESC_00h_H07","00h"
"85","RamDA_mESC_00h_H08","00h"
"86","RamDA_mESC_00h_H09","00h"
"87","RamDA_mESC_00h_H10","00h"
"88","RamDA_mESC_00h_H11","00h"
"89","RamDA_mESC_00h_H12","00h"
"90","RamDA_mESC_12h_A04","12h"
"91","RamDA_mESC_12h_A05","12h"
"92","RamDA_mESC_12h_A06","12h"
"93","RamDA_mESC_12h_A08","12h"
"94","RamDA_mESC_12h_A09","12h"
"95","RamDA_mESC_12h_B02","12h"
"96","RamDA_mESC_12h_B05","12h"
"97","RamDA_mESC_12h_B06","12h"
"98","RamDA_mESC_12h_B07","12h"
"99","RamDA_mESC_12h_B08","12h"
"100","RamDA_mESC_12h_B09","12h"
"101","RamDA_mESC_12h_B10","12h"
"102","RamDA_mESC_12h_B11","12h"
"103","RamDA_mESC_12h_B12","12h"
"104","RamDA_mESC_12h_C02","12h"
"105","RamDA_mESC_12h_C03","12h"
"106","RamDA_mESC_12h_C04","12h"
"107","RamDA_mESC_12h_C05","12h"
"108","RamDA_mESC_12h_C07","12h"
"109","RamDA_mESC_12h_C09","12h"
"110","RamDA_mESC_12h_C10","12h"
"111","RamDA_mESC_12h_C11","12h"
"112","RamDA_mESC_12h_C12","12h"
"113","RamDA_mESC_12h_D02","12h"
"114","RamDA_mESC_12h_D04","12h"
"115","RamDA_mESC_12h_D05","12h"
"116","RamDA_mESC_12h_D07","12h"
"117","RamDA_mESC_12h_D08","12h"
"118","RamDA_mESC_12h_D09","12h"
"119","RamDA_mESC_12h_D10","12h"
"120","RamDA_mESC_12h_D11","12h"
"121","RamDA_mESC_12h_D12","12h"
"122","RamDA_mESC_12h_E01","12h"
"123","RamDA_mESC_12h_E02","12h"
"124","RamDA_mESC_12h_E05","12h"
"125","RamDA_mESC_12h_E07","12h"
"126","RamDA_mESC_12h_E08","12h"
"127","RamDA_mESC_12h_E09","12h"
"128","RamDA_mESC_12h_E10","12h"
"129","RamDA_mESC_12h_E11","12h"
"130","RamDA_mESC_12h_E12","12h"
"131","RamDA_mESC_12h_F01","12h"
"132","RamDA_mESC_12h_F02","12h"
"133","RamDA_mESC_12h_F03","12h"
"134","RamDA_mESC_12h_F06","12h"
"135","RamDA_mESC_12h_F07","12h"
"136","RamDA_mESC_12h_F10","12h"
"137","RamDA_mESC_12h_F11","12h"
"138","RamDA_mESC_12h_F12","12h"
"139","RamDA_mESC_12h_G01","12h"
"140","RamDA_mESC_12h_G03","12h"
"141","RamDA_mESC_12h_G05","12h"
"142","RamDA_mESC_12h_G06","12h"
"143","RamDA_mESC_12h_G07","12h"
"144","RamDA_mESC_12h_G08","12h"
"145","RamDA_mESC_12h_G09","12h"
"146","RamDA_mESC_12h_G12","12h"
"147","RamDA_mESC_12h_H01","12h"
"148","RamDA_mESC_12h_H02","12h"
"149","RamDA_mESC_12h_H05","12h"
"150","RamDA_mESC_12h_H06","12h"
"151","RamDA_mESC_12h_H07","12h"
"152","RamDA_mESC_12h_H08","12h"
"153","RamDA_mESC_12h_H09","12h"
"154","RamDA_mESC_12h_H10","12h"
"155","RamDA_mESC_12h_H11","12h"
"156","RamDA_mESC_12h_H12","12h"
"157","RamDA_mESC_24h_A04","24h"
"158","RamDA_mESC_24h_A05","24h"
"159","RamDA_mESC_24h_A06","24h"
"160","RamDA_mESC_24h_A08","24h"
"161","RamDA_mESC_24h_A09","24h"
"162","RamDA_mESC_24h_A10","24h"
"163","RamDA_mESC_24h_A12","24h"
"164","RamDA_mESC_24h_B01","24h"
"165","RamDA_mESC_24h_B02","24h"
"166","RamDA_mESC_24h_B03","24h"
"167","RamDA_mESC_24h_B04","24h"
"168","RamDA_mESC_24h_B05","24h"
"169","RamDA_mESC_24h_B06","24h"
"170","RamDA_mESC_24h_B07","24h"
"171","RamDA_mESC_24h_B08","24h"
"172","RamDA_mESC_24h_B09","24h"
"173","RamDA_mESC_24h_B10","24h"
"174","RamDA_mESC_24h_B11","24h"
"175","RamDA_mESC_24h_B12","24h"
"176","RamDA_mESC_24h_C01","24h"
"177","RamDA_mESC_24h_C02","24h"
"178","RamDA_mESC_24h_C03","24h"
"179","RamDA_mESC_24h_C04","24h"
"180","RamDA_mESC_24h_C05","24h"
"181","RamDA_mESC_24h_C06","24h"
"182","RamDA_mESC_24h_C07","24h"
"183","RamDA_mESC_24h_C08","24h"
"184","RamDA_mESC_24h_C09","24h"
"185","RamDA_mESC_24h_C10","24h"
"186","RamDA_mESC_24h_C11","24h"
"187","RamDA_mESC_24h_C12","24h"
"188","RamDA_mESC_24h_D01","24h"
"189","RamDA_mESC_24h_D02","24h"
"190","RamDA_mESC_24h_D03","24h"
"191","RamDA_mESC_24h_D04","24h"
"192","RamDA_mESC_24h_D05","24h"
"193","RamDA_mESC_24h_D06","24h"
"194","RamDA_mESC_24h_D07","24h"
"195","RamDA_mESC_24h_D08","24h"
"196","RamDA_mESC_24h_D09","24h"
"197","RamDA_mESC_24h_D10","24h"
"198","RamDA_mESC_24h_D11","24h"
"199","RamDA_mESC_24h_D12","24h"
"200","RamDA_mESC_24h_E01","24h"
"201","RamDA_mESC_24h_E02","24h"
"202","RamDA_mESC_24h_E03","24h"
"203","RamDA_mESC_24h_E04","24h"
"204","RamDA_mESC_24h_E05","24h"
"205","RamDA_mESC_24h_E06","24h"
"206","RamDA_mESC_24h_E07","24h"
"207","RamDA_mESC_24h_E08","24h"
"208","RamDA_mESC_24h_E09","24h"
"209","RamDA_mESC_24h_E10","24h"
"210","RamDA_mESC_24h_E11","24h"
"211","RamDA_mESC_24h_E12","24h"
"212","RamDA_mESC_24h_F01","24h"
"213","RamDA_mESC_24h_F02","24h"
"214","RamDA_mESC_24h_F03","24h"
"215","RamDA_mESC_24h_F05","24h"
"216","RamDA_mESC_24h_F06","24h"
"217","RamDA_mESC_24h_F07","24h"
"218","RamDA_mESC_24h_F08","24h"
"219","RamDA_mESC_24h_F09","24h"
"220","RamDA_mESC_24h_F10","24h"
"221","RamDA_mESC_24h_F11","24h"
"222","RamDA_mESC_24h_F12","24h"
"223","RamDA_mESC_24h_G01","24h"
"224","RamDA_mESC_24h_G02","24h"
"225","RamDA_mESC_24h_G03","24h"
"226","RamDA_mESC_24h_G04","24h"
"227","RamDA_mESC_24h_G05","24h"
"228","RamDA_mESC_24h_G06","24h"
"229","RamDA_mESC_24h_G07","24h"
"230","RamDA_mESC_24h_G08","24h"
"231","RamDA_mESC_24h_G09","24h"
"232","RamDA_mESC_24h_G11","24h"
"233","RamDA_mESC_24h_G12","24h"
"234","RamDA_mESC_24h_H01","24h"
"235","RamDA_mESC_24h_H02","24h"
"236","RamDA_mESC_24h_H03","24h"
"237","RamDA_mESC_24h_H04","24h"
"238","RamDA_mESC_24h_H05","24h"
"239","RamDA_mESC_24h_H06","24h"
"240","RamDA_mESC_24h_H07","24h"
"241","RamDA_mESC_24h_H08","24h"
"242","RamDA_mESC_24h_H09","24h"
"243","RamDA_mESC_24h_H10","24h"
"244","RamDA_mESC_24h_H11","24h"
"245","RamDA_mESC_24h_H12","24h"
"246","RamDA_mESC_48h_A04","48h"
"247","RamDA_mESC_48h_A05","48h"
"248","RamDA_mESC_48h_A06","48h"
"249","RamDA_mESC_48h_A07","48h"
"250","RamDA_mESC_48h_A08","48h"
"251","RamDA_mESC_48h_B01","48h"
"252","RamDA_mESC_48h_B02","48h"
"253","RamDA_mESC_48h_B03","48h"
"254","RamDA_mESC_48h_B04","48h"
"255","RamDA_mESC_48h_B06","48h"
"256","RamDA_mESC_48h_B07","48h"
"257","RamDA_mESC_48h_B08","48h"
"258","RamDA_mESC_48h_B09","48h"
"259","RamDA_mESC_48h_B10","48h"
"260","RamDA_mESC_48h_B11","48h"
"261","RamDA_mESC_48h_C01","48h"
"262","RamDA_mESC_48h_C02","48h"
"263","RamDA_mESC_48h_C03","48h"
"264","RamDA_mESC_48h_C04","48h"
"265","RamDA_mESC_48h_C05","48h"
"266","RamDA_mESC_48h_C07","48h"
"267","RamDA_mESC_48h_C08","48h"
"268","RamDA_mESC_48h_C09","48h"
"269","RamDA_mESC_48h_C10","48h"
"270","RamDA_mESC_48h_C11","48h"
"271","RamDA_mESC_48h_C12","48h"
"272","RamDA_mESC_48h_D01","48h"
"273","RamDA_mESC_48h_D02","48h"
"274","RamDA_mESC_48h_D03","48h"
"275","RamDA_mESC_48h_D04","48h"
"276","RamDA_mESC_48h_D05","48h"
"277","RamDA_mESC_48h_D06","48h"
"278","RamDA_mESC_48h_D07","48h"
"279","RamDA_mESC_48h_D08","48h"
"280","RamDA_mESC_48h_D10","48h"
"281","RamDA_mESC_48h_D11","48h"
"282","RamDA_mESC_48h_D12","48h"
"283","RamDA_mESC_48h_E02","48h"
"284","RamDA_mESC_48h_E05","48h"
"285","RamDA_mESC_48h_E06","48h"
"286","RamDA_mESC_48h_E07","48h"
"287","RamDA_mESC_48h_E08","48h"
"288","RamDA_mESC_48h_E11","48h"
"289","RamDA_mESC_48h_E12","48h"
"290","RamDA_mESC_48h_F01","48h"
"291","RamDA_mESC_48h_F02","48h"
"292","RamDA_mESC_48h_F03","48h"
"293","RamDA_mESC_48h_F04","48h"
"294","RamDA_mESC_48h_F05","48h"
"295","RamDA_mESC_48h_F06","48h"
"296","RamDA_mESC_48h_F07","48h"
"297","RamDA_mESC_48h_F08","48h"
"298","RamDA_mESC_48h_F09","48h"
"299","RamDA_mESC_48h_F10","48h"
"300","RamDA_mESC_48h_F11","48h"
"301","RamDA_mESC_48h_F12","48h"
"302","RamDA_mESC_48h_G01","48h"
"303","RamDA_mESC_48h_G03","48h"
"304","RamDA_mESC_48h_G04","48h"
"305","RamDA_mESC_48h_G05","48h"
"306","RamDA_mESC_48h_G06","48h"
"307","RamDA_mESC_48h_G07","48h"
"308","RamDA_mESC_48h_G08","48h"
"309","RamDA_mESC_48h_G09","48h"
"310","RamDA_mESC_48h_G10","48h"
"311","RamDA_mESC_48h_G11","48h"
"312","RamDA_mESC_48h_G12","48h"
"313","RamDA_mESC_48h_H01","48h"
"314","RamDA_mESC_48h_H02","48h"
"315","RamDA_mESC_48h_H03","48h"
"316","RamDA_mESC_48h_H04","48h"
"317","RamDA_mESC_48h_H05","48h"
"318","RamDA_mESC_48h_H06","48h"
"319","RamDA_mESC_48h_H07","48h"
"320","RamDA_mESC_48h_H08","48h"
"321","RamDA_mESC_48h_H09","48h"
"322","RamDA_mESC_48h_H10","48h"
"323","RamDA_mESC_48h_H11","48h"
"324","RamDA_mESC_48h_H12","48h"
"325","RamDA_mESC_72h_A04","72h"
"326","RamDA_mESC_72h_A05","72h"
"327","RamDA_mESC_72h_A06","72h"
"328","RamDA_mESC_72h_A07","72h"
"329","RamDA_mESC_72h_A08","72h"
"330","RamDA_mESC_72h_A09","72h"
"331","RamDA_mESC_72h_A11","72h"
"332","RamDA_mESC_72h_B01","72h"
"333","RamDA_mESC_72h_B02","72h"
"334","RamDA_mESC_72h_B03","72h"
"335","RamDA_mESC_72h_B04","72h"
"336","RamDA_mESC_72h_B05","72h"
"337","RamDA_mESC_72h_B06","72h"
"338","RamDA_mESC_72h_B07","72h"
"339","RamDA_mESC_72h_B08","72h"
"340","RamDA_mESC_72h_B09","72h"
"341","RamDA_mESC_72h_B10","72h"
"342","RamDA_mESC_72h_B11","72h"
"343","RamDA_mESC_72h_B12","72h"
"344","RamDA_mESC_72h_C01","72h"
"345","RamDA_mESC_72h_C02","72h"
"346","RamDA_mESC_72h_C03","72h"
"347","RamDA_mESC_72h_C04","72h"
"348","RamDA_mESC_72h_C05","72h"
"349","RamDA_mESC_72h_C06","72h"
"350","RamDA_mESC_72h_C07","72h"
"351","RamDA_mESC_72h_C08","72h"
"352","RamDA_mESC_72h_C09","72h"
"353","RamDA_mESC_72h_C10","72h"
"354","RamDA_mESC_72h_C11","72h"
"355","RamDA_mESC_72h_C12","72h"
"356","RamDA_mESC_72h_D01","72h"
"357","RamDA_mESC_72h_D02","72h"
"358","RamDA_mESC_72h_D03","72h"
"359","RamDA_mESC_72h_D04","72h"
"360","RamDA_mESC_72h_D06","72h"
"361","RamDA_mESC_72h_D07","72h"
"362","RamDA_mESC_72h_D08","72h"
"363","RamDA_mESC_72h_D09","72h"
"364","RamDA_mESC_72h_D10","72h"
"365","RamDA_mESC_72h_D11","72h"
"366","RamDA_mESC_72h_D12","72h"
"367","RamDA_mESC_72h_E01","72h"
"368","RamDA_mESC_72h_E02","72h"
"369","RamDA_mESC_72h_E03","72h"
"370","RamDA_mESC_72h_E04","72h"
"371","RamDA_mESC_72h_E05","72h"
"372","RamDA_mESC_72h_E06","72h"
"373","RamDA_mESC_72h_E07","72h"
"374","RamDA_mESC_72h_E08","72h"
"375","RamDA_mESC_72h_E09","72h"
"376","RamDA_mESC_72h_E10","72h"
"377","RamDA_mESC_72h_E11","72h"
"378","RamDA_mESC_72h_E12","72h"
"379","RamDA_mESC_72h_F01","72h"
"380","RamDA_mESC_72h_F02","72h"
"381","RamDA_mESC_72h_F03","72h"
"382","RamDA_mESC_72h_F04","72h"
"383","RamDA_mESC_72h_F05","72h"
"384","RamDA_mESC_72h_F06","72h"
"385","RamDA_mESC_72h_F07","72h"
"386","RamDA_mESC_72h_F08","72h"
"387","RamDA_mESC_72h_F09","72h"
"388","RamDA_mESC_72h_F10","72h"
"389","RamDA_mESC_72h_F11","72h"
"390","RamDA_mESC_72h_F12","72h"
"391","RamDA_mESC_72h_G01","72h"
"392","RamDA_mESC_72h_G02","72h"
"393","RamDA_mESC_72h_G03","72h"
"394","RamDA_mESC_72h_G04","72h"
"395","RamDA_mESC_72h_G05","72h"
"396","RamDA_mESC_72h_G06","72h"
"397","RamDA_mESC_72h_G07","72h"
"398","RamDA_mESC_72h_G08","72h"
"399","RamDA_mESC_72h_G09","72h"
"400","RamDA_mESC_72h_G10","72h"
"401","RamDA_mESC_72h_G11","72h"
"402","RamDA_mESC_72h_G12","72h"
"403","RamDA_mESC_72h_H01","72h"
"404","RamDA_mESC_72h_H02","72h"
"405","RamDA_mESC_72h_H03","72h"
"406","RamDA_mESC_72h_H04","72h"
"407","RamDA_mESC_72h_H05","72h"
"408","RamDA_mESC_72h_H06","72h"
"409","RamDA_mESC_72h_H07","72h"
"410","RamDA_mESC_72h_H08","72h"
"411","RamDA_mESC_72h_H09","72h"
"412","RamDA_mESC_72h_H10","72h"
"413","RamDA_mESC_72h_H11","72h"
"414","RamDA_mESC_72h_H12","72h"
